{"min": [-0.761564, -0.562827, -0.660542], "max": [0.728076, 0.711012, 0.849495]}