{"min": [-0.760458, -0.600348, -0.720765], "max": [0.790689, 0.684799, 0.684679]}